student_id,profile_type,step_number,session_id,recommended_skill_id,outcome_success,outcome_score,outcome_time_spent,reward,1a,1b,2a,2b,2c,3a,3b,3c,4a,4b,4c,5a,5b,6a,6b,6c,7a,7b,7c,8a,8b,8c,9a
sint_0000,desde_cero,1,ses_sint_0000_1,1a,1,0.8100,240,1.7046,19,32,31,23,23,6,9,7,6,7,2,5,2,6,2,10,3,7,9,1,2,2,7
sint_0000,desde_cero,2,ses_sint_0000_1,1b,1,0.8900,235,1.5512,49,32,31,23,23,6,9,7,6,7,2,5,2,6,2,10,3,7,9,1,2,2,7
sint_0000,desde_cero,3,ses_sint_0000_1,1a,1,0.8900,214,1.3525,49,62,31,23,23,6,9,7,6,7,2,5,2,6,2,10,3,7,9,1,2,2,7
sint_0000,desde_cero,4,ses_sint_0000_1,2b,0,0.4000,307,-0.7000,76,62,31,23,23,6,9,7,6,7,2,5,2,6,2,10,3,7,9,1,2,2,7
sint_0000,desde_cero,5,ses_sint_0000_1,1a,1,0.9300,182,1.0274,76,62,31,-2,23,6,9,7,6,7,2,5,2,6,2,10,3,7,9,1,2,2,7
sint_0000,desde_cero,6,ses_sint_0000_1,2c,1,0.8500,225,1.6646,89,62,31,-2,23,6,9,7,6,7,2,5,2,6,2,10,3,7,9,1,2,2,7
sint_0000,desde_cero,7,ses_sint_0000_1,2c,1,0.8800,137,1.3085,89,62,31,-2,53,6,9,7,6,7,2,5,2,6,2,10,3,7,9,1,2,2,7
sint_0000,desde_cero,8,ses_sint_0000_1,2b,0,0.2700,436,-0.7000,89,62,31,-2,78,6,9,7,6,7,2,5,2,6,2,10,3,7,9,1,2,2,7
sint_0000,desde_cero,9,ses_sint_0000_1,2a,1,0.9300,205,1.5669,89,62,31,-27,78,6,9,7,6,7,2,5,2,6,2,10,3,7,9,1,2,2,7
sint_0000,desde_cero,10,ses_sint_0000_2,1b,1,0.8800,180,1.2049,89,62,61,-27,78,6,9,7,6,7,2,5,2,6,2,10,3,7,9,1,2,2,7
sint_0000,desde_cero,11,ses_sint_0000_2,3c,1,0.8900,253,1.8706,89,82,61,-27,78,6,9,7,6,7,2,5,2,6,2,10,3,7,9,1,2,2,7
sint_0000,desde_cero,12,ses_sint_0000_2,5a,0,0.2200,399,-0.7000,89,82,61,-27,78,6,9,37,6,7,2,5,2,6,2,10,3,7,9,1,2,2,7
sint_0000,desde_cero,13,ses_sint_0000_2,3c,0,0.4400,382,-0.7000,89,82,61,-27,78,6,9,37,6,7,2,-20,2,6,2,10,3,7,9,1,2,2,7
sint_0000,desde_cero,14,ses_sint_0000_2,2a,1,0.8900,199,1.2111,89,82,61,-27,78,6,9,14,6,7,2,-20,2,6,2,10,3,7,9,1,2,2,7
sint_0000,desde_cero,15,ses_sint_0000_2,2c,0,0.2900,288,-0.7000,90,82,82,-27,78,6,9,14,6,7,2,-20,2,6,2,10,3,7,9,1,2,2,7
sint_0000,desde_cero,16,ses_sint_0000_2,3c,0,0.3600,422,-0.7000,90,82,82,-27,57,6,9,14,6,7,2,-20,2,6,2,10,3,7,9,1,2,2,7
sint_0000,desde_cero,17,ses_sint_0000_2,1b,1,0.9700,111,0.9599,90,82,82,-27,57,6,9,-11,6,7,2,-20,2,6,2,10,3,7,9,1,2,2,7
sint_0000,desde_cero,18,ses_sint_0000_2,5a,1,0.9700,225,2.1893,90,92,82,-27,57,6,9,-11,6,7,2,-20,2,6,2,10,3,7,9,1,2,2,7
sint_0000,desde_cero,19,ses_sint_0000_3,3c,0,0.3500,291,-0.7000,90,92,82,-27,57,6,9,-11,6,7,2,10,2,6,2,10,3,7,9,1,2,2,7
sint_0000,desde_cero,20,ses_sint_0000_3,3c,0,0.1700,437,-0.7000,90,92,82,-27,57,6,9,-30,6,7,2,10,2,6,2,10,3,7,9,1,2,2,7
sint_0000,desde_cero,21,ses_sint_0000_3,2c,1,0.9700,162,1.2629,90,92,82,-27,57,6,9,-30,6,7,2,10,2,6,2,10,3,7,9,1,2,2,7
sint_0000,desde_cero,22,ses_sint_0000_3,5a,1,0.8900,198,1.8336,90,92,82,-27,79,6,9,-30,6,7,2,10,2,6,2,10,3,7,9,1,2,2,7
sint_0000,desde_cero,23,ses_sint_0000_3,2c,1,0.9100,168,1.0021,90,92,82,-27,79,6,9,-30,6,7,2,40,2,6,2,10,3,7,9,1,2,2,7
sint_0000,desde_cero,24,ses_sint_0000_3,2b,0,0.2700,427,-0.7000,90,92,82,-27,91,6,9,-30,6,7,2,40,2,6,2,10,3,7,9,1,2,2,7
sint_0000,desde_cero,25,ses_sint_0000_3,3c,0,0.4300,434,-0.7000,90,92,82,-30,91,6,9,-30,6,7,2,40,2,6,2,10,3,7,9,1,2,2,7
sint_0000,desde_cero,26,ses_sint_0000_3,3c,1,0.9600,283,2.3140,90,92,82,-30,91,6,9,-30,6,7,2,40,2,6,2,10,3,7,9,1,2,2,7
sint_0000,desde_cero,27,ses_sint_0000_3,2a,1,0.9300,175,0.9772,90,92,82,-30,91,6,9,0,6,7,2,40,2,6,2,10,3,7,9,1,2,2,7
sint_0000,desde_cero,28,ses_sint_0000_4,3c,1,0.8800,263,1.9593,90,92,92,-30,91,6,9,0,6,7,2,40,2,6,2,10,3,7,9,1,2,2,7
sint_0000,desde_cero,29,ses_sint_0000_4,2b,0,0.1400,438,-0.7000,90,92,92,-30,91,6,9,30,6,7,2,40,2,6,2,10,3,7,9,1,2,2,7
sint_0000,desde_cero,30,ses_sint_0000_4,2c,1,0.9700,127,0.8748,90,92,92,-30,91,6,9,30,6,7,2,40,2,6,2,10,3,7,9,1,2,2,7
sint_0001,desde_cero,1,ses_sint_0001_1,1b,0,0.3300,331,-0.7000,17,20,12,35,30,10,6,3,7,7,7,5,10,6,3,1,6,2,4,6,10,8,1
sint_0001,desde_cero,2,ses_sint_0001_1,1b,0,0.1800,449,-0.7000,17,-5,12,35,30,10,6,3,7,7,7,5,10,6,3,1,6,2,4,6,10,8,1
sint_0001,desde_cero,3,ses_sint_0001_1,1b,1,0.7400,272,2.2817,17,-30,12,35,30,10,6,3,7,7,7,5,10,6,3,1,6,2,4,6,10,8,1
sint_0001,desde_cero,4,ses_sint_0001_1,1b,0,0.1500,353,-0.7000,17,0,12,35,30,10,6,3,7,7,7,5,10,6,3,1,6,2,4,6,10,8,1
sint_0001,desde_cero,5,ses_sint_0001_1,1b,0,0.3400,463,-0.7000,17,-23,12,35,30,10,6,3,7,7,7,5,10,6,3,1,6,2,4,6,10,8,1
sint_0001,desde_cero,6,ses_sint_0001_1,5a,1,0.9800,220,1.8647,17,-30,12,35,30,10,6,3,7,7,7,5,10,6,3,1,6,2,4,6,10,8,1
sint_0001,desde_cero,7,ses_sint_0001_1,5a,0,0.2500,367,-0.7000,17,-30,12,35,30,10,6,3,7,7,7,35,10,6,3,1,6,2,4,6,10,8,1
sint_0001,desde_cero,8,ses_sint_0001_1,5a,0,0.3000,398,-0.7000,17,-30,12,35,30,10,6,3,7,7,7,12,10,6,3,1,6,2,4,6,10,8,1
sint_0001,desde_cero,9,ses_sint_0001_1,5a,1,0.8600,267,2.0684,17,-30,12,35,30,10,6,3,7,7,7,-12,10,6,3,1,6,2,4,6,10,8,1
sint_0001,desde_cero,10,ses_sint_0001_2,5a,0,0.2800,381,-0.7000,17,-30,12,35,30,10,6,3,7,7,7,18,10,6,3,1,6,2,4,6,10,8,1
sint_0001,desde_cero,11,ses_sint_0001_2,1a,0,0.1800,412,-0.7000,17,-30,12,35,30,10,6,3,7,7,7,-5,10,6,3,1,6,2,4,6,10,8,1
sint_0001,desde_cero,12,ses_sint_0001_2,5a,0,0.2800,427,-0.7000,-8,-30,12,35,30,10,6,3,7,7,7,-5,10,6,3,1,6,2,4,6,10,8,1
sint_0001,desde_cero,13,ses_sint_0001_2,1a,0,0.2300,451,-0.7000,-8,-30,12,35,30,10,6,3,7,7,7,-29,10,6,3,1,6,2,4,6,10,8,1
sint_0001,desde_cero,14,ses_sint_0001_2,5a,1,0.9800,246,2.2618,-30,-30,12,35,30,10,6,3,7,7,7,-29,10,6,3,1,6,2,4,6,10,8,1
sint_0001,desde_cero,15,ses_sint_0001_2,5a,0,0.3700,335,-0.7000,-30,-30,12,35,30,10,6,3,7,7,7,1,10,6,3,1,6,2,4,6,10,8,1
sint_0001,desde_cero,16,ses_sint_0001_2,1b,1,0.8800,260,2.2721,-30,-30,12,35,30,10,6,3,7,7,7,-22,10,6,3,1,6,2,4,6,10,8,1
sint_0001,desde_cero,17,ses_sint_0001_2,1a,0,0.3900,472,-0.7000,-30,0,12,35,30,10,6,3,7,7,7,-22,10,6,3,1,6,2,4,6,10,8,1
sint_0001,desde_cero,18,ses_sint_0001_2,1b,1,0.9800,259,1.9160,-30,0,12,35,30,10,6,3,7,7,7,-22,10,6,3,1,6,2,4,6,10,8,1
sint_0001,desde_cero,19,ses_sint_0001_3,5a,1,0.8600,272,2.1820,-30,30,12,35,30,10,6,3,7,7,7,-22,10,6,3,1,6,2,4,6,10,8,1
sint_0001,desde_cero,20,ses_sint_0001_3,1b,0,0.4000,346,-0.7000,-30,30,12,35,30,10,6,3,7,7,7,8,10,6,3,1,6,2,4,6,10,8,1
sint_0001,desde_cero,21,ses_sint_0001_3,1b,0,0.4400,423,-0.7000,-30,9,12,35,30,10,6,3,7,7,7,8,10,6,3,1,6,2,4,6,10,8,1
sint_0001,desde_cero,22,ses_sint_0001_3,1b,0,0.4300,424,-0.7000,-30,-14,12,35,30,10,6,3,7,7,7,8,10,6,3,1,6,2,4,6,10,8,1
sint_0001,desde_cero,23,ses_sint_0001_3,5a,1,0.8500,271,1.8180,-30,-30,12,35,30,10,6,3,7,7,7,8,10,6,3,1,6,2,4,6,10,8,1
sint_0001,desde_cero,24,ses_sint_0001_3,1a,1,0.7000,223,2.2799,-30,-30,12,35,30,10,6,3,7,7,7,38,10,6,3,1,6,2,4,6,10,8,1
sint_0001,desde_cero,25,ses_sint_0001_3,1b,0,0.2300,407,-0.7000,0,-30,12,35,30,10,6,3,7,7,7,38,10,6,3,1,6,2,4,6,10,8,1
sint_0001,desde_cero,26,ses_sint_0001_3,5a,1,0.9200,201,1.4659,0,-30,12,35,30,10,6,3,7,7,7,38,10,6,3,1,6,2,4,6,10,8,1
sint_0001,desde_cero,27,ses_sint_0001_3,1b,1,0.7600,247,2.2877,0,-30,12,35,30,10,6,3,7,7,7,68,10,6,3,1,6,2,4,6,10,8,1
sint_0001,desde_cero,28,ses_sint_0001_4,1b,1,0.8900,222,1.9316,0,0,12,35,30,10,6,3,7,7,7,68,10,6,3,1,6,2,4,6,10,8,1
sint_0001,desde_cero,29,ses_sint_0001_4,1a,0,0.1600,398,-0.7000,0,30,12,35,30,10,6,3,7,7,7,68,10,6,3,1,6,2,4,6,10,8,1
sint_0001,desde_cero,30,ses_sint_0001_4,1a,0,0.2000,405,-0.7000,-23,30,12,35,30,10,6,3,7,7,7,68,10,6,3,1,6,2,4,6,10,8,1
sint_0002,desde_cero,1,ses_sint_0002_1,1a,1,0.9700,239,1.7530,15,30,23,24,23,4,2,5,8,9,10,5,9,2,7,3,5,2,5,6,8,4,4
sint_0002,desde_cero,2,ses_sint_0002_1,1b,1,0.9300,193,1.5658,45,30,23,24,23,4,2,5,8,9,10,5,9,2,7,3,5,2,5,6,8,4,4
sint_0002,desde_cero,3,ses_sint_0002_1,1b,1,0.8800,139,1.2097,45,60,23,24,23,4,2,5,8,9,10,5,9,2,7,3,5,2,5,6,8,4,4
sint_0002,desde_cero,4,ses_sint_0002_1,5a,0,0.4500,364,-0.7000,45,86,23,24,23,4,2,5,8,9,10,5,9,2,7,3,5,2,5,6,8,4,4
sint_0002,desde_cero,5,ses_sint_0002_1,1b,1,0.9600,179,0.9083,45,86,23,24,23,4,2,5,8,9,10,-20,9,2,7,3,5,2,5,6,8,4,4
sint_0002,desde_cero,6,ses_sint_0002_1,1b,1,0.9500,169,0.7925,45,95,23,24,23,4,2,5,8,9,10,-20,9,2,7,3,5,2,5,6,8,4,4
sint_0002,desde_cero,7,ses_sint_0002_1,1b,1,0.9700,183,0.7528,45,99,23,24,23,4,2,5,8,9,10,-20,9,2,7,3,5,2,5,6,8,4,4
sint_0002,desde_cero,8,ses_sint_0002_1,2c,0,0.3600,389,-0.7000,45,100,23,24,23,4,2,5,8,9,10,-20,9,2,7,3,5,2,5,6,8,4,4
sint_0002,desde_cero,9,ses_sint_0002_1,2c,0,0.4300,391,-0.7000,45,100,23,24,-2,4,2,5,8,9,10,-20,9,2,7,3,5,2,5,6,8,4,4
sint_0002,desde_cero,10,ses_sint_0002_2,5a,1,0.8700,277,2.1692,45,100,23,24,-27,4,2,5,8,9,10,-20,9,2,7,3,5,2,5,6,8,4,4
sint_0002,desde_cero,11,ses_sint_0002_2,5a,0,0.4300,371,-0.7000,45,100,23,24,-27,4,2,5,8,9,10,10,9,2,7,3,5,2,5,6,8,4,4
sint_0002,desde_cero,12,ses_sint_0002_2,1a,1,0.9500,196,1.3971,45,100,23,24,-27,4,2,5,8,9,10,-13,9,2,7,3,5,2,5,6,8,4,4
sint_0002,desde_cero,13,ses_sint_0002_2,5a,0,0.1700,459,-0.7000,75,100,23,24,-27,4,2,5,8,9,10,-13,9,2,7,3,5,2,5,6,8,4,4
sint_0002,desde_cero,14,ses_sint_0002_2,5a,1,0.9000,292,2.2933,75,100,23,24,-27,4,2,5,8,9,10,-30,9,2,7,3,5,2,5,6,8,4,4
sint_0002,desde_cero,15,ses_sint_0002_2,1b,1,0.9800,136,0.7410,75,100,23,24,-27,4,2,5,8,9,10,0,9,2,7,3,5,2,5,6,8,4,4
sint_0002,desde_cero,16,ses_sint_0002_2,5a,1,0.9100,243,1.9372,75,100,23,24,-27,4,2,5,8,9,10,0,9,2,7,3,5,2,5,6,8,4,4
sint_0002,desde_cero,17,ses_sint_0002_2,5a,1,0.8500,236,1.5812,75,100,23,24,-27,4,2,5,8,9,10,30,9,2,7,3,5,2,5,6,8,4,4
sint_0002,desde_cero,18,ses_sint_0002_2,2a,1,0.9100,199,1.6669,75,100,23,24,-27,4,2,5,8,9,10,60,9,2,7,3,5,2,5,6,8,4,4
sint_0002,desde_cero,19,ses_sint_0002_3,1b,1,0.9800,107,0.7499,75,100,53,24,-27,4,2,5,8,9,10,60,9,2,7,3,5,2,5,6,8,4,4
sint_0002,desde_cero,20,ses_sint_0002_3,2a,1,0.9000,202,1.3109,75,100,53,24,-27,4,2,5,8,9,10,60,9,2,7,3,5,2,5,6,8,4,4
sint_0002,desde_cero,21,ses_sint_0002_3,1a,1,0.9700,116,0.8749,90,100,83,24,-27,4,2,5,8,9,10,60,9,2,7,3,5,2,5,6,8,4,4
sint_0002,desde_cero,22,ses_sint_0002_3,1a,1,0.9800,177,0.7909,97,100,83,24,-27,4,2,5,8,9,10,60,9,2,7,3,5,2,5,6,8,4,4
sint_0002,desde_cero,23,ses_sint_0002_3,2c,0,0.1700,448,-0.7000,99,100,83,24,-27,4,2,5,8,9,10,60,9,2,7,3,5,2,5,6,8,4,4
sint_0002,desde_cero,24,ses_sint_0002_3,5a,1,0.9600,191,1.2357,99,100,83,24,-30,4,2,5,8,9,10,60,9,2,7,3,5,2,5,6,8,4,4
sint_0002,desde_cero,25,ses_sint_0002_3,2c,0,0.1600,435,-0.7000,99,100,83,24,-30,4,2,5,8,9,10,89,9,2,7,3,5,2,5,6,8,4,4
sint_0002,desde_cero,26,ses_sint_0002_3,1b,1,0.9600,171,0.7597,99,100,83,24,-30,4,2,5,8,9,10,89,9,2,7,3,5,2,5,6,8,4,4
sint_0002,desde_cero,27,ses_sint_0002_3,1a,1,0.9500,150,0.7683,99,100,83,24,-30,4,2,5,8,9,10,89,9,2,7,3,5,2,5,6,8,4,4
sint_0002,desde_cero,28,ses_sint_0002_4,2a,1,0.9600,127,0.9644,100,100,83,24,-30,4,2,5,8,9,10,89,9,2,7,3,5,2,5,6,8,4,4
sint_0002,desde_cero,29,ses_sint_0002_4,1a,1,0.9800,125,0.7632,100,100,94,24,-30,4,2,5,8,9,10,89,9,2,7,3,5,2,5,6,8,4,4
sint_0002,desde_cero,30,ses_sint_0002_4,1a,1,0.9700,117,0.7616,100,100,94,24,-30,4,2,5,8,9,10,89,9,2,7,3,5,2,5,6,8,4,4
sint_0003,desde_cero,1,ses_sint_0003_1,5a,1,0.8600,234,1.8725,24,32,32,15,19,2,7,4,8,9,10,5,6,7,9,2,3,3,7,7,3,3,8
sint_0003,desde_cero,2,ses_sint_0003_1,1b,1,0.9700,200,1.5523,24,32,32,15,19,2,7,4,8,9,10,35,6,7,9,2,3,3,7,7,3,3,8
sint_0003,desde_cero,3,ses_sint_0003_1,5a,0,0.2300,383,-0.7000,24,62,32,15,19,2,7,4,8,9,10,35,6,7,9,2,3,3,7,7,3,3,8
sint_0003,desde_cero,4,ses_sint_0003_1,5a,1,0.8600,245,1.7921,24,62,32,15,19,2,7,4,8,9,10,12,6,7,9,2,3,3,7,7,3,3,8
sint_0003,desde_cero,5,ses_sint_0003_1,5a,1,0.9400,197,1.4360,24,62,32,15,19,2,7,4,8,9,10,42,6,7,9,2,3,3,7,7,3,3,8
sint_0003,desde_cero,6,ses_sint_0003_1,2c,0,0.3900,379,-0.7000,24,62,32,15,19,2,7,4,8,9,10,71,6,7,9,2,3,3,7,7,3,3,8
sint_0003,desde_cero,7,ses_sint_0003_1,5a,1,0.9400,184,1.0895,24,62,32,15,-6,2,7,4,8,9,10,71,6,7,9,2,3,3,7,7,3,3,8
sint_0003,desde_cero,8,ses_sint_0003_1,1a,0,0.2500,381,-0.7000,24,62,32,15,-6,2,7,4,8,9,10,86,6,7,9,2,3,3,7,7,3,3,8
sint_0003,desde_cero,9,ses_sint_0003_1,5b,1,0.7800,206,1.8600,-1,62,32,15,-6,2,7,4,8,9,10,86,6,7,9,2,3,3,7,7,3,3,8
sint_0003,desde_cero,10,ses_sint_0003_2,2c,1,0.8300,240,2.0161,-1,62,32,15,-6,2,7,4,8,9,10,86,36,7,9,2,3,3,7,7,3,3,8
sint_0003,desde_cero,11,ses_sint_0003_2,5b,0,0.3500,313,-0.7000,-1,62,32,15,24,2,7,4,8,9,10,86,36,7,9,2,3,3,7,7,3,3,8
sint_0003,desde_cero,12,ses_sint_0003_2,5b,0,0.4400,423,-0.7000,-1,62,32,15,24,2,7,4,8,9,10,86,14,7,9,2,3,3,7,7,3,3,8
sint_0003,desde_cero,13,ses_sint_0003_2,5b,1,0.8500,286,2.0677,-1,62,32,15,24,2,7,4,8,9,10,86,-11,7,9,2,3,3,7,7,3,3,8
sint_0003,desde_cero,14,ses_sint_0003_2,1b,0,0.3400,238,-0.7000,-1,62,32,15,24,2,7,4,8,9,10,86,19,7,9,2,3,3,7,7,3,3,8
sint_0003,desde_cero,15,ses_sint_0003_2,5b,1,0.9300,202,1.7086,-1,39,32,15,24,2,7,4,8,9,10,86,19,7,9,2,3,3,7,7,3,3,8
sint_0003,desde_cero,16,ses_sint_0003_2,1a,1,0.9500,224,1.9577,-1,39,32,15,24,2,7,4,8,9,10,86,49,7,9,2,3,3,7,7,3,3,8
sint_0003,desde_cero,17,ses_sint_0003_2,1a,1,0.9500,183,1.6016,29,39,32,15,24,2,7,4,8,9,10,86,49,7,9,2,3,3,7,7,3,3,8
sint_0003,desde_cero,18,ses_sint_0003_2,2b,0,0.2500,411,-0.7000,59,39,32,15,24,2,7,4,8,9,10,86,49,7,9,2,3,3,7,7,3,3,8
sint_0003,desde_cero,19,ses_sint_0003_3,5b,0,0.2400,290,-0.7000,59,39,32,-10,24,2,7,4,8,9,10,86,49,7,9,2,3,3,7,7,3,3,8
sint_0003,desde_cero,20,ses_sint_0003_3,2a,0,0.3400,314,-0.7000,59,39,32,-10,24,2,7,4,8,9,10,86,29,7,9,2,3,3,7,7,3,3,8
sint_0003,desde_cero,21,ses_sint_0003_3,1b,1,0.9300,159,1.4763,59,39,7,-10,24,2,7,4,8,9,10,86,29,7,9,2,3,3,7,7,3,3,8
sint_0003,desde_cero,22,ses_sint_0003_3,1b,1,0.9700,164,1.1385,59,67,7,-10,24,2,7,4,8,9,10,86,29,7,9,2,3,3,7,7,3,3,8
sint_0003,desde_cero,23,ses_sint_0003_3,5a,1,0.9500,159,0.9137,59,84,7,-10,24,2,7,4,8,9,10,86,29,7,9,2,3,3,7,7,3,3,8
sint_0003,desde_cero,24,ses_sint_0003_3,1b,1,0.9300,138,0.9466,59,84,7,-10,24,2,7,4,8,9,10,94,29,7,9,2,3,3,7,7,3,3,8
sint_0003,desde_cero,25,ses_sint_0003_3,5a,1,0.9800,152,0.8231,59,92,7,-10,24,2,7,4,8,9,10,94,29,7,9,2,3,3,7,7,3,3,8
sint_0003,desde_cero,26,ses_sint_0003_3,2b,0,0.1700,425,-0.7000,59,92,7,-10,24,2,7,4,8,9,10,97,29,7,9,2,3,3,7,7,3,3,8
sint_0003,desde_cero,27,ses_sint_0003_3,5a,1,0.9700,176,0.7788,59,92,7,-30,24,2,7,4,8,9,10,97,29,7,9,2,3,3,7,7,3,3,8
sint_0003,desde_cero,28,ses_sint_0003_4,2c,0,0.4400,348,-0.7000,59,92,7,-30,24,2,7,4,8,9,10,99,29,7,9,2,3,3,7,7,3,3,8
sint_0003,desde_cero,29,ses_sint_0003_4,5a,1,0.9800,174,0.7583,59,92,7,-30,1,2,7,4,8,9,10,99,29,7,9,2,3,3,7,7,3,3,8
sint_0003,desde_cero,30,ses_sint_0003_4,1b,1,0.9600,140,0.8386,59,92,7,-30,1,2,7,4,8,9,10,100,29,7,9,2,3,3,7,7,3,3,8
sint_0004,parcial,1,ses_sint_0004_1,1b,1,0.9600,229,1.9746,41,0,37,43,0,72,73,0,61,64,0,10,18,13,10,11,22,11,16,22,18,15,14
sint_0004,parcial,2,ses_sint_0004_1,1a,1,0.9000,169,1.4865,41,30,37,43,0,72,73,0,61,64,0,10,18,13,10,11,22,11,16,22,18,15,14
sint_0004,parcial,3,ses_sint_0004_1,1a,1,0.9100,174,1.1514,69,30,37,43,0,72,73,0,61,64,0,10,18,13,10,11,22,11,16,22,18,15,14
sint_0004,parcial,4,ses_sint_0004_1,2a,1,0.8500,220,1.5461,85,30,37,43,0,72,73,0,61,64,0,10,18,13,10,11,22,11,16,22,18,15,14
sint_0004,parcial,5,ses_sint_0004_1,1a,1,0.9200,167,0.9683,85,30,67,43,0,72,73,0,61,64,0,10,18,13,10,11,22,11,16,22,18,15,14
sint_0004,parcial,6,ses_sint_0004_1,5a,1,0.8300,240,1.8674,93,30,67,43,0,72,73,0,61,64,0,10,18,13,10,11,22,11,16,22,18,15,14
sint_0004,parcial,7,ses_sint_0004_1,5a,1,0.8800,228,1.5113,93,30,67,43,0,72,73,0,61,64,0,40,18,13,10,11,22,11,16,22,18,15,14
sint_0004,parcial,8,ses_sint_0004_1,1b,1,0.9500,187,1.6370,93,30,67,43,0,72,73,0,61,64,0,70,18,13,10,11,22,11,16,22,18,15,14
sint_0004,parcial,9,ses_sint_0004_1,5a,1,0.9000,148,1.1591,93,60,67,43,0,72,73,0,61,64,0,70,18,13,10,11,22,11,16,22,18,15,14
sint_0004,parcial,10,ses_sint_0004_2,1a,1,0.9600,197,0.8850,93,60,67,43,0,72,73,0,61,64,0,86,18,13,10,11,22,11,16,22,18,15,14
sint_0004,parcial,11,ses_sint_0004_2,5a,1,0.9300,175,0.9664,97,60,67,43,0,72,73,0,61,64,0,86,18,13,10,11,22,11,16,22,18,15,14
sint_0004,parcial,12,ses_sint_0004_2,2c,1,0.7800,277,2.0046,97,60,67,43,0,72,73,0,61,64,0,94,18,13,10,11,22,11,16,22,18,15,14
sint_0004,parcial,13,ses_sint_0004_2,5a,1,0.9600,162,0.8771,97,60,67,43,30,72,73,0,61,64,0,94,18,13,10,11,22,11,16,22,18,15,14
sint_0004,parcial,14,ses_sint_0004_2,5b,0,0.3600,411,-0.7000,97,60,67,43,30,72,73,0,61,64,0,98,18,13,10,11,22,11,16,22,18,15,14
sint_0004,parcial,15,ses_sint_0004_2,5a,1,0.9700,140,0.8323,97,60,67,43,30,72,73,0,61,64,0,98,-7,13,10,11,22,11,16,22,18,15,14
sint_0004,parcial,16,ses_sint_0004_2,1b,1,0.9100,185,1.2859,97,60,67,43,30,72,73,0,61,64,0,99,-7,13,10,11,22,11,16,22,18,15,14
sint_0004,parcial,17,ses_sint_0004_2,5b,1,0.7400,273,2.0943,97,82,67,43,30,72,73,0,61,64,0,99,-7,13,10,11,22,11,16,22,18,15,14
sint_0004,parcial,18,ses_sint_0004_2,5a,1,0.9500,154,0.8230,97,82,67,43,30,72,73,0,61,64,0,99,23,13,10,11,22,11,16,22,18,15,14
sint_0004,parcial,19,ses_sint_0004_3,2a,1,0.9400,139,1.2145,97,82,67,43,30,72,73,0,61,64,0,100,23,13,10,11,22,11,16,22,18,15,14
sint_0004,parcial,20,ses_sint_0004_3,1b,1,0.9600,160,1.0332,97,82,84,43,30,72,73,0,61,64,0,100,23,13,10,11,22,11,16,22,18,15,14
sint_0004,parcial,21,ses_sint_0004_3,2a,0,0.2800,299,-0.7000,97,92,84,43,30,72,73,0,61,64,0,100,23,13,10,11,22,11,16,22,18,15,14
sint_0004,parcial,22,ses_sint_0004_3,2b,0,0.2800,352,-0.7000,97,92,63,43,30,72,73,0,61,64,0,100,23,13,10,11,22,11,16,22,18,15,14
sint_0004,parcial,23,ses_sint_0004_3,5b,1,0.9200,229,1.7359,97,92,63,18,30,72,73,0,61,64,0,100,23,13,10,11,22,11,16,22,18,15,14
sint_0004,parcial,24,ses_sint_0004_3,6b,1,0.8600,218,1.8919,97,92,63,18,30,72,73,0,61,64,0,100,53,13,10,11,22,11,16,22,18,15,14
sint_0004,parcial,25,ses_sint_0004_3,5a,1,0.9700,144,0.8222,97,92,63,18,30,72,73,0,61,64,0,100,53,13,40,11,22,11,16,22,18,15,14
sint_0004,parcial,26,ses_sint_0004_3,2c,1,0.9800,236,1.6582,97,92,63,18,30,72,73,0,61,64,0,100,53,13,40,11,22,11,16,22,18,15,14
sint_0004,parcial,27,ses_sint_0004_3,2b,0,0.4100,359,-0.7000,97,92,63,18,60,72,73,0,61,64,0,100,53,13,40,11,22,11,16,22,18,15,14
sint_0004,parcial,28,ses_sint_0004_4,1a,1,0.9400,155,0.8534,97,92,63,-7,60,72,73,0,61,64,0,100,53,13,40,11,22,11,16,22,18,15,14
sint_0004,parcial,29,ses_sint_0004_4,5a,1,0.9700,165,0.8206,99,92,63,-7,60,72,73,0,61,64,0,100,53,13,40,11,22,11,16,22,18,15,14
sint_0004,parcial,30,ses_sint_0004_4,2b,0,0.4100,340,-0.7000,99,92,63,-7,60,72,73,0,61,64,0,100,53,13,40,11,22,11,16,22,18,15,14
sint_0005,parcial,1,ses_sint_0005_1,1a,1,0.9000,169,1.3378,54,0,43,55,0,57,79,0,70,56,0,23,20,21,10,23,13,13,17,14,11,15,18
sint_0005,parcial,2,ses_sint_0005_1,1a,0,0.3200,257,-0.7000,74,0,43,55,0,57,79,0,70,56,0,23,20,21,10,23,13,13,17,14,11,15,18
sint_0005,parcial,3,ses_sint_0005_1,2b,1,0.8700,145,1.3199,51,0,43,55,0,57,79,0,70,56,0,23,20,21,10,23,13,13,17,14,11,15,18
sint_0005,parcial,4,ses_sint_0005_1,2b,1,0.9500,140,1.0861,51,0,43,75,0,57,79,0,70,56,0,23,20,21,10,23,13,13,17,14,11,15,18
sint_0005,parcial,5,ses_sint_0005_1,2b,1,0.9300,128,0.9480,71,0,43,87,0,57,79,0,70,56,0,23,20,21,10,23,13,13,17,14,11,15,18
sint_0005,parcial,6,ses_sint_0005_1,1b,1,0.8500,263,1.9896,90,0,43,93,0,57,79,0,70,56,0,23,20,21,10,23,13,13,17,14,11,15,18
sint_0005,parcial,7,ses_sint_0005_1,1b,1,0.8900,218,1.6335,90,30,43,93,0,57,79,0,70,56,0,23,20,21,10,23,13,13,17,14,11,15,18
sint_0005,parcial,8,ses_sint_0005_1,2a,1,0.8500,160,1.4822,90,60,43,93,0,57,79,0,70,56,0,23,20,21,10,23,13,13,17,14,11,15,18
sint_0005,parcial,9,ses_sint_0005_1,3a,0,0.4000,356,-0.7000,90,60,68,93,0,57,79,0,70,56,0,23,20,21,10,23,13,13,17,14,11,15,18
sint_0005,parcial,10,ses_sint_0005_2,1a,1,0.9700,126,0.9174,90,60,68,93,0,32,79,0,70,56,0,23,20,21,10,23,13,13,17,14,11,15,18
sint_0005,parcial,11,ses_sint_0005_2,2c,1,0.8500,249,1.9981,95,60,68,93,0,32,79,0,70,56,0,23,20,21,10,23,13,13,17,14,11,15,18
sint_0005,parcial,12,ses_sint_0005_2,2a,0,0.4000,311,-0.7000,95,60,68,93,30,32,79,0,70,56,0,23,20,21,10,23,13,13,17,14,11,15,18
sint_0005,parcial,13,ses_sint_0005_2,2b,1,0.9600,149,0.8802,95,60,45,93,30,32,79,0,70,56,0,23,20,21,10,23,13,13,17,14,11,15,18
sint_0005,parcial,14,ses_sint_0005_2,1a,1,0.9500,174,0.8602,95,60,45,97,30,32,79,0,70,56,0,23,20,21,10,23,13,13,17,14,11,15,18
sint_0005,parcial,15,ses_sint_0005_2,2a,1,0.8500,152,1.4599,98,60,45,97,30,32,79,0,70,56,0,23,20,21,10,23,13,13,17,14,11,15,18
sint_0005,parcial,16,ses_sint_0005_2,5a,1,0.8100,219,1.7226,98,60,70,97,30,32,79,0,70,56,0,23,20,21,10,23,13,13,17,14,11,15,18
sint_0005,parcial,17,ses_sint_0005_2,1a,1,0.9700,159,0.8358,98,60,70,97,30,32,79,0,70,56,0,53,20,21,10,23,13,13,17,14,11,15,18
sint_0005,parcial,18,ses_sint_0005_2,1a,1,0.9800,140,0.8200,99,60,70,97,30,32,79,0,70,56,0,53,20,21,10,23,13,13,17,14,11,15,18
sint_0005,parcial,19,ses_sint_0005_3,2b,1,0.9500,142,0.8454,100,60,70,97,30,32,79,0,70,56,0,53,20,21,10,23,13,13,17,14,11,15,18
sint_0005,parcial,20,ses_sint_0005_3,5b,1,0.8900,218,1.7636,100,60,70,99,30,32,79,0,70,56,0,53,20,21,10,23,13,13,17,14,11,15,18
sint_0005,parcial,21,ses_sint_0005_3,2b,1,0.9700,115,0.8282,100,60,70,99,30,32,79,0,70,56,0,53,50,21,10,23,13,13,17,14,11,15,18
sint_0005,parcial,22,ses_sint_0005_3,5a,1,0.9700,209,1.3710,100,60,70,99,30,32,79,0,70,56,0,53,50,21,10,23,13,13,17,14,11,15,18
sint_0005,parcial,23,ses_sint_0005_3,1b,1,0.8800,177,1.2943,100,60,70,99,30,32,79,0,70,56,0,75,50,21,10,23,13,13,17,14,11,15,18
sint_0005,parcial,24,ses_sint_0005_3,6a,0,0.3200,385,-0.7000,100,80,70,99,30,32,79,0,70,56,0,75,50,21,10,23,13,13,17,14,11,15,18
sint_0005,parcial,25,ses_sint_0005_3,3a,1,0.9300,180,1.6345,100,80,70,99,30,32,79,0,70,56,0,75,50,-4,10,23,13,13,17,14,11,15,18
sint_0005,parcial,26,ses_sint_0005_3,5b,1,0.9000,224,1.4137,100,80,70,99,30,62,79,0,70,56,0,75,50,-4,10,23,13,13,17,14,11,15,18
sint_0005,parcial,27,ses_sint_0005_3,5a,1,0.9000,139,1.1183,100,80,70,99,30,62,79,0,70,56,0,75,74,-4,10,23,13,13,17,14,11,15,18
sint_0005,parcial,28,ses_sint_0005_4,2a,1,0.9600,169,1.1865,100,80,70,99,30,62,79,0,70,56,0,88,74,-4,10,23,13,13,17,14,11,15,18
sint_0005,parcial,29,ses_sint_0005_4,3b,1,0.9100,143,1.0813,100,80,84,99,30,62,79,0,70,56,0,88,74,-4,10,23,13,13,17,14,11,15,18
sint_0005,parcial,30,ses_sint_0005_4,4a,1,0.9200,165,1.1863,100,80,90,99,30,94,88,0,70,56,0,88,74,-4,10,23,13,13,17,14,11,15,18
sint_0006,parcial,1,ses_sint_0006_1,5a,0,0.3100,387,-0.7000,37,0,48,47,0,54,64,0,78,79,0,22,19,19,18,16,13,24,12,21,20,23,15
sint_0006,parcial,2,ses_sint_0006_1,1a,1,0.9100,208,1.5300,37,0,48,47,0,54,64,0,78,79,0,-3,19,19,18,16,13,24,12,21,20,23,15
sint_0006,parcial,3,ses_sint_0006_1,2b,1,0.8500,197,1.4131,67,0,48,47,0,54,64,0,78,79,0,-3,19,19,18,16,13,24,12,21,20,23,15
sint_0006,parcial,4,ses_sint_0006_1,1b,0,0.4000,402,-0.7000,67,0,48,74,0,54,64,0,78,79,0,-3,19,19,18,16,13,24,12,21,20,23,15
sint_0006,parcial,5,ses_sint_0006_1,1a,0,0.3300,269,-0.7000,67,-25,48,74,0,54,64,0,78,79,0,-3,19,19,18,16,13,24,12,21,20,23,15
sint_0006,parcial,6,ses_sint_0006_1,5a,1,0.9600,231,2.0217,44,-25,48,74,0,54,64,0,78,79,0,-3,19,19,18,16,13,24,12,21,20,23,15
sint_0006,parcial,7,ses_sint_0006_1,5a,1,0.8800,211,1.6656,44,-25,48,74,0,54,64,0,78,79,0,27,19,19,18,16,13,24,12,21,20,23,15
sint_0006,parcial,8,ses_sint_0006_1,5b,0,0.3500,341,-0.7000,44,-25,48,74,0,54,64,0,78,79,0,57,19,19,18,16,13,24,12,21,20,23,15
sint_0006,parcial,9,ses_sint_0006_1,5a,0,0.4300,289,-0.7000,44,-25,48,74,0,54,64,0,78,79,0,57,-6,19,18,16,13,24,12,21,20,23,15
sint_0006,parcial,10,ses_sint_0006_2,1b,1,0.7300,304,2.2815,44,-25,48,74,0,54,64,0,78,79,0,36,-6,19,18,16,13,24,12,21,20,23,15
sint_0006,parcial,11,ses_sint_0006_2,1b,1,0.9300,285,1.9254,44,5,48,74,0,54,64,0,78,79,0,36,-6,19,18,16,13,24,12,21,20,23,15
sint_0006,parcial,12,ses_sint_0006_2,5a,1,0.8700,170,1.5610,44,35,48,74,0,54,64,0,78,79,0,36,-6,19,18,16,13,24,12,21,20,23,15
sint_0006,parcial,13,ses_sint_0006_2,1b,1,0.8300,212,1.5733,44,35,48,74,0,54,64,0,78,79,0,66,-6,19,18,16,13,24,12,21,20,23,15
sint_0006,parcial,14,ses_sint_0006_2,5b,1,0.9100,220,2.0721,44,65,48,74,0,54,64,0,78,79,0,66,-6,19,18,16,13,24,12,21,20,23,15
sint_0006,parcial,15,ses_sint_0006_2,5a,0,0.3400,281,-0.7000,44,65,48,74,0,54,64,0,78,79,0,66,24,19,18,16,13,24,12,21,20,23,15
sint_0006,parcial,16,ses_sint_0006_2,2c,1,0.9500,243,1.9983,44,65,48,74,0,54,64,0,78,79,0,44,24,19,18,16,13,24,12,21,20,23,15
sint_0006,parcial,17,ses_sint_0006_2,5a,1,0.8800,179,1.4710,44,65,48,74,30,54,64,0,78,79,0,44,24,19,18,16,13,24,12,21,20,23,15
sint_0006,parcial,18,ses_sint_0006_2,2c,1,0.8500,219,1.6460,44,65,48,74,30,54,64,0,78,79,0,73,24,19,18,16,13,24,12,21,20,23,15
sint_0006,parcial,19,ses_sint_0006_3,5a,1,0.9200,180,1.1331,44,65,48,74,60,54,64,0,78,79,0,73,24,19,18,16,13,24,12,21,20,23,15
sint_0006,parcial,20,ses_sint_0006_3,2c,1,0.9400,179,1.2918,44,65,48,74,60,54,64,0,78,79,0,88,24,19,18,16,13,24,12,21,20,23,15
sint_0006,parcial,21,ses_sint_0006_3,1b,1,0.9600,143,0.9974,44,85,48,74,83,54,64,0,78,79,0,88,24,19,18,16,13,24,12,21,20,23,15
sint_0006,parcial,22,ses_sint_0006_3,3c,1,0.8600,223,2.0186,44,94,48,74,83,54,64,0,78,79,0,88,24,19,18,16,13,24,12,21,20,23,15
sint_0006,parcial,23,ses_sint_0006_3,3c,1,0.9500,263,1.6625,44,94,48,74,83,54,64,30,78,79,0,88,24,19,18,16,13,24,12,21,20,23,15
sint_0006,parcial,24,ses_sint_0006_3,5b,1,0.8200,211,1.7414,44,94,48,74,83,54,64,60,78,79,0,88,24,19,18,16,13,24,12,21,20,23,15
sint_0006,parcial,25,ses_sint_0006_3,1b,1,0.9600,103,0.8977,44,94,48,74,83,54,64,60,78,79,0,88,54,19,18,16,13,24,12,21,20,23,15
sint_0006,parcial,26,ses_sint_0006_3,5a,1,0.9600,164,0.9758,44,98,48,74,83,54,64,60,78,79,0,88,54,19,18,16,13,24,12,21,20,23,15
sint_0006,parcial,27,ses_sint_0006_3,1a,0,0.3300,388,-0.7000,44,98,48,74,83,54,64,60,78,79,0,95,54,19,18,16,13,24,12,21,20,23,15
sint_0006,parcial,28,ses_sint_0006_4,5b,1,0.9300,180,1.3835,20,98,48,74,83,54,64,60,78,79,0,95,54,19,18,16,13,24,12,21,20,23,15
sint_0006,parcial,29,ses_sint_0006_4,6b,1,0.9700,244,1.8129,20,98,48,74,83,54,64,60,78,79,0,95,80,19,18,16,13,24,12,21,20,23,15
sint_0006,parcial,30,ses_sint_0006_4,1a,1,0.9100,191,1.7932,20,98,48,74,83,54,64,60,78,79,0,95,80,19,48,16,13,24,12,21,20,23,15
sint_0007,avanzado,1,ses_sint_0007_1,6a,0,0.4200,273,-0.7000,52,39,58,41,46,78,67,50,64,79,39,83,54,63,68,47,70,87,47,46,33,37,49
sint_0007,avanzado,2,ses_sint_0007_1,1b,1,0.9500,210,1.6014,52,39,58,41,46,78,67,50,64,79,39,83,54,38,68,47,70,87,47,46,33,37,49
sint_0007,avanzado,3,ses_sint_0007_1,1b,1,0.8900,153,1.2865,52,65,58,41,46,78,67,50,64,79,39,83,54,38,68,47,70,87,47,46,33,37,49
sint_0007,avanzado,4,ses_sint_0007_1,5b,1,0.9600,173,1.4187,52,81,58,41,46,78,67,50,64,79,39,83,54,38,68,47,70,87,47,46,33,37,49
sint_0007,avanzado,5,ses_sint_0007_1,5a,0,0.4500,299,-0.7000,52,81,58,41,46,78,67,50,64,79,39,83,74,38,68,47,70,87,47,46,33,37,49
sint_0007,avanzado,6,ses_sint_0007_1,2a,1,0.9300,171,1.3800,52,81,58,41,46,78,67,50,64,79,39,58,74,38,68,47,70,87,47,46,33,37,49
sint_0007,avanzado,7,ses_sint_0007_1,5a,1,0.9600,165,1.3794,52,81,76,41,46,78,67,50,64,79,39,58,74,38,68,47,70,87,47,46,33,37,49
sint_0007,avanzado,8,ses_sint_0007_1,6b,1,0.9100,202,1.2644,52,81,76,41,46,78,67,50,64,79,39,76,74,38,68,47,70,87,47,46,33,37,49
sint_0007,avanzado,9,ses_sint_0007_1,5b,1,0.9600,121,1.0012,52,81,76,41,46,78,67,50,64,79,39,90,90,38,82,47,70,87,47,46,33,37,49
sint_0007,avanzado,10,ses_sint_0007_2,5a,1,0.9700,161,1.0019,52,81,76,41,46,78,67,50,64,79,39,90,95,38,82,47,70,87,47,46,33,37,49
sint_0007,avanzado,11,ses_sint_0007_2,1b,1,0.9600,152,1.1066,52,81,76,41,46,78,67,50,64,79,39,95,95,38,82,47,70,87,47,46,33,37,49
sint_0007,avanzado,12,ses_sint_0007_2,1b,1,0.9600,186,0.9973,52,91,76,41,46,78,67,50,64,79,39,95,95,38,82,47,70,87,47,46,33,37,49
sint_0007,avanzado,13,ses_sint_0007_2,1b,1,0.9500,154,0.9385,52,95,76,41,46,78,67,50,64,79,39,95,95,38,82,47,70,87,47,46,33,37,49
sint_0007,avanzado,14,ses_sint_0007_2,2a,0,0.2300,300,-0.7000,52,98,76,41,46,78,67,50,64,79,39,95,95,38,82,47,70,87,47,46,33,37,49
sint_0007,avanzado,15,ses_sint_0007_2,6a,1,0.8400,191,1.6298,52,98,53,41,46,78,67,50,64,79,39,95,95,38,82,47,70,87,47,46,33,37,49
sint_0007,avanzado,16,ses_sint_0007_2,2b,1,0.8500,185,1.5979,52,98,53,41,46,78,67,50,64,79,39,95,95,65,82,47,70,87,47,46,33,37,49
sint_0007,avanzado,17,ses_sint_0007_2,2a,1,0.9100,180,1.4522,52,98,53,66,46,78,67,50,64,79,39,95,95,65,82,47,70,87,47,46,33,37,49
sint_0007,avanzado,18,ses_sint_0007_2,8a,1,0.9400,168,1.5343,52,98,74,66,46,78,67,50,64,79,39,95,95,65,82,47,70,87,47,46,33,37,49
sint_0007,avanzado,19,ses_sint_0007_3,3b,1,0.9000,173,1.2899,52,98,74,66,46,78,67,50,64,79,39,95,95,65,82,47,70,87,47,70,33,37,49
sint_0007,avanzado,20,ses_sint_0007_3,3b,1,0.9600,190,1.1317,90,98,90,86,46,90,81,50,64,79,39,95,95,65,82,47,70,87,47,70,33,37,49
sint_0007,avanzado,21,ses_sint_0007_3,6a,1,0.8800,190,1.3333,90,98,90,90,46,90,90,50,64,79,39,95,95,65,82,47,70,87,47,70,33,37,49
sint_0007,avanzado,22,ses_sint_0007_3,6a,1,0.9800,140,1.1389,90,98,90,90,46,90,90,50,64,79,39,95,95,81,82,47,70,87,47,70,33,37,49
sint_0007,avanzado,23,ses_sint_0007_3,8a,1,0.9600,133,1.2770,90,98,90,90,46,90,90,50,64,79,39,95,95,90,82,47,70,87,47,70,33,37,49
sint_0008,avanzado,1,ses_sint_0008_1,1a,1,0.9100,179,1.5158,45,37,42,55,30,78,83,50,80,65,31,68,49,81,81,46,65,65,40,31,31,36,45
sint_0008,avanzado,2,ses_sint_0008_1,1a,0,0.3900,271,-0.7000,75,37,42,55,30,78,83,50,80,65,31,68,49,81,81,46,65,65,40,31,31,36,45
sint_0008,avanzado,3,ses_sint_0008_1,1a,0,0.2100,395,-0.7000,53,37,42,55,30,78,83,50,80,65,31,68,49,81,81,46,65,65,40,31,31,36,45
sint_0008,avanzado,4,ses_sint_0008_1,1b,1,0.9000,208,1.6180,28,37,42,55,30,78,83,50,80,65,31,68,49,81,81,46,65,65,40,31,31,36,45
sint_0008,avanzado,5,ses_sint_0008_1,1b,1,0.9500,206,1.2619,28,67,42,55,30,78,83,50,80,65,31,68,49,81,81,46,65,65,40,31,31,36,45
sint_0008,avanzado,6,ses_sint_0008_1,5b,0,0.4200,253,-0.7000,28,88,42,55,30,78,83,50,80,65,31,68,49,81,81,46,65,65,40,31,31,36,45
sint_0008,avanzado,7,ses_sint_0008_1,1b,1,0.9400,159,1.0112,28,88,42,55,30,78,83,50,80,65,31,68,24,81,81,46,65,65,40,31,31,36,45
sint_0008,avanzado,8,ses_sint_0008_1,2c,1,0.9400,179,1.7005,28,96,42,55,30,78,83,50,80,65,31,68,24,81,81,46,65,65,40,31,31,36,45
sint_0008,avanzado,9,ses_sint_0008_1,1b,1,0.9700,169,0.9168,28,96,42,55,60,78,83,50,80,65,31,68,24,81,81,46,65,65,40,31,31,36,45
sint_0008,avanzado,10,ses_sint_0008_2,3c,1,0.9200,150,1.4711,28,99,42,55,60,78,83,50,80,65,31,68,24,81,81,46,65,65,40,31,31,36,45
sint_0008,avanzado,11,ses_sint_0008_2,5b,1,0.8200,176,1.7887,28,99,42,55,60,78,83,79,80,65,31,68,24,81,81,46,65,65,40,31,31,36,45
sint_0008,avanzado,12,ses_sint_0008_2,6a,1,0.9400,157,1.1021,28,99,42,55,60,78,83,79,80,65,31,68,54,81,81,46,65,65,40,31,31,36,45
sint_0008,avanzado,13,ses_sint_0008_2,7a,1,0.9300,157,1.3014,28,99,42,55,60,78,83,79,80,65,31,88,74,92,81,46,65,65,40,31,31,36,45
sint_0008,avanzado,14,ses_sint_0008_2,1a,0,0.3500,358,-0.7000,28,99,42,55,60,78,83,79,80,65,31,90,90,92,81,46,86,65,40,31,31,36,45
sint_0008,avanzado,15,ses_sint_0008_2,1b,1,0.9600,158,0.8983,4,99,42,55,60,78,83,79,80,65,31,90,90,92,81,46,86,65,40,31,31,36,45
sint_0008,avanzado,16,ses_sint_0008_2,5b,1,0.9500,182,1.0040,4,100,42,55,60,78,83,79,80,65,31,90,90,92,81,46,86,65,40,31,31,36,45
sint_0008,avanzado,17,ses_sint_0008_2,3c,1,0.9100,160,1.1348,4,100,42,55,60,78,83,79,80,65,31,90,97,92,81,46,86,65,40,31,31,36,45
sint_0008,avanzado,18,ses_sint_0008_2,6b,1,0.9500,180,1.1161,4,100,42,55,86,78,83,92,80,65,31,90,97,92,81,46,86,65,40,31,31,36,45
sint_0008,avanzado,19,ses_sint_0008_3,3c,1,0.9400,145,0.9849,4,100,42,55,88,78,83,92,80,65,31,90,97,92,92,46,86,65,40,31,31,36,45
sint_0008,avanzado,20,ses_sint_0008_3,8a,0,0.4500,367,-0.7000,4,100,42,55,90,78,83,97,80,65,31,90,97,92,92,46,86,65,40,31,31,36,45
sint_0008,avanzado,21,ses_sint_0008_3,5a,0,0.4000,303,-0.7000,4,100,42,55,90,78,83,97,80,65,31,90,97,92,92,46,86,65,40,6,31,36,45
sint_0008,avanzado,22,ses_sint_0008_3,5b,1,0.9800,146,0.9239,4,100,42,55,90,78,83,97,80,65,31,68,97,92,92,46,86,65,40,6,31,36,45
sint_0008,avanzado,23,ses_sint_0008_3,5b,1,0.9500,181,0.8998,4,100,42,55,92,78,83,97,80,65,31,88,99,92,92,46,86,65,40,6,31,36,45
sint_0008,avanzado,24,ses_sint_0008_3,8a,0,0.4300,375,-0.7000,4,100,42,55,96,78,83,97,80,65,31,90,100,92,92,46,86,65,40,6,31,36,45
sint_0008,avanzado,25,ses_sint_0008_3,5a,1,0.9400,146,1.0072,4,100,42,55,96,78,83,97,80,65,31,90,100,92,92,46,86,65,40,-19,31,36,45
sint_0008,avanzado,26,ses_sint_0008_3,5b,1,0.9700,153,0.8906,4,100,42,55,96,78,83,97,80,65,31,97,100,92,92,46,86,65,40,-19,31,36,45
sint_0008,avanzado,27,ses_sint_0008_3,2c,1,0.9800,131,0.9412,4,100,42,55,96,78,83,97,80,65,31,97,100,92,92,46,86,65,40,-19,31,36,45
sint_0008,avanzado,28,ses_sint_0008_4,1a,0,0.3100,437,-0.7000,4,100,42,55,99,78,83,97,80,65,31,97,100,92,92,46,86,65,40,-19,31,36,45
sint_0008,avanzado,29,ses_sint_0008_4,7a,1,0.9300,183,1.0589,-21,100,42,55,99,78,83,97,80,65,31,97,100,92,92,46,86,65,40,-19,31,36,45
sint_0008,avanzado,30,ses_sint_0008_4,6b,1,0.9500,161,0.9801,-21,100,42,55,99,78,83,97,80,65,31,97,100,92,92,46,95,65,40,-19,31,36,45
sint_0009,avanzado,1,ses_sint_0009_1,7a,0,0.3700,260,-0.7000,42,39,57,59,38,60,66,43,80,72,43,79,59,85,68,50,61,63,41,45,34,46,46
sint_0009,avanzado,2,ses_sint_0009_1,1b,1,0.8900,172,1.5903,42,39,57,59,38,60,66,43,80,72,43,79,59,85,68,50,36,63,41,45,34,46,46
sint_0009,avanzado,3,ses_sint_0009_1,2c,0,0.2500,336,-0.7000,42,69,57,59,38,60,66,43,80,72,43,79,59,85,68,50,36,63,41,45,34,46,46
sint_0009,avanzado,4,ses_sint_0009_1,5b,0,0.3500,311,-0.7000,42,69,57,59,13,60,66,43,80,72,43,79,59,85,68,50,36,63,41,45,34,46,46
sint_0009,avanzado,5,ses_sint_0009_1,2c,0,0.3400,324,-0.7000,42,69,57,59,13,60,66,43,80,72,43,79,34,85,68,50,36,63,41,45,34,46,46
sint_0009,avanzado,6,ses_sint_0009_1,5b,1,0.8900,174,1.6538,42,69,57,59,-12,60,66,43,80,72,43,79,34,85,68,50,36,63,41,45,34,46,46
sint_0009,avanzado,7,ses_sint_0009_1,5b,1,0.9200,147,1.2977,42,69,57,59,-12,60,66,43,80,72,43,79,64,85,68,50,36,63,41,45,34,46,46
sint_0009,avanzado,8,ses_sint_0009_1,6b,0,0.2600,291,-0.7000,42,69,57,59,-12,60,66,43,80,72,43,90,84,85,68,50,36,63,41,45,34,46,46
sint_0009,avanzado,9,ses_sint_0009_1,5b,1,0.9500,101,1.0512,42,69,57,59,-12,60,66,43,80,72,43,90,84,85,43,50,36,63,41,45,34,46,46
sint_0009,avanzado,10,ses_sint_0009_2,1a,0,0.4300,347,-0.7000,42,69,57,59,-12,60,66,43,80,72,43,90,94,85,43,50,36,63,41,45,34,46,46
sint_0009,avanzado,11,ses_sint_0009_2,6a,0,0.3400,281,-0.7000,17,69,57,59,-12,60,66,43,80,72,43,90,94,85,43,50,36,63,41,45,34,46,46
sint_0009,avanzado,12,ses_sint_0009_2,5b,1,0.9500,136,0.9317,17,69,57,59,-12,60,66,43,80,72,43,90,94,60,43,50,36,63,41,45,34,46,46
sint_0009,avanzado,13,ses_sint_0009_2,1b,1,0.8900,194,1.2245,17,69,57,59,-12,60,66,43,80,72,43,90,98,60,43,50,36,63,41,45,34,46,46
sint_0009,avanzado,14,ses_sint_0009_2,1a,1,0.9500,180,1.8574,17,87,57,59,-12,60,66,43,80,72,43,90,98,60,43,50,36,63,41,45,34,46,46
sint_0009,avanzado,15,ses_sint_0009_2,6a,0,0.3800,253,-0.7000,47,87,57,59,-12,60,66,43,80,72,43,90,98,60,43,50,36,63,41,45,34,46,46
sint_0009,avanzado,16,ses_sint_0009_2,1b,1,0.9400,148,1.0193,47,87,57,59,-12,60,66,43,80,72,43,90,98,35,43,50,36,63,41,45,34,46,46
sint_0009,avanzado,17,ses_sint_0009_2,6b,0,0.4400,303,-0.7000,47,95,57,59,-12,60,66,43,80,72,43,90,98,35,43,50,36,63,41,45,34,46,46
sint_0009,avanzado,18,ses_sint_0009_2,2c,1,0.7900,236,2.1989,47,95,57,59,-12,60,66,43,80,72,43,90,98,35,18,50,36,63,41,45,34,46,46
sint_0009,avanzado,19,ses_sint_0009_3,1a,0,0.4300,300,-0.7000,47,95,57,59,18,60,66,43,80,72,43,90,98,35,18,50,36,63,41,45,34,46,46
sint_0009,avanzado,20,ses_sint_0009_3,5a,1,0.9600,138,0.9788,24,95,57,59,18,60,66,43,80,72,43,90,98,35,18,50,36,63,41,45,34,46,46
sint_0009,avanzado,21,ses_sint_0009_3,5a,1,0.9700,139,0.9127,24,95,57,59,18,60,66,43,80,72,43,96,98,35,18,50,36,63,41,45,34,46,46
sint_0009,avanzado,22,ses_sint_0009_3,6a,1,0.9400,157,1.6450,24,95,57,59,18,60,66,43,80,72,43,98,98,35,18,50,36,63,41,45,34,46,46
sint_0009,avanzado,23,ses_sint_0009_3,6a,0,0.3300,338,-0.7000,24,95,57,59,18,60,66,43,80,72,43,98,98,65,18,50,36,63,41,45,34,46,46
sint_0009,avanzado,24,ses_sint_0009_3,5b,1,0.9800,155,0.8878,24,95,57,59,18,60,66,43,80,72,43,98,98,42,18,50,36,63,41,45,34,46,46
sint_0009,avanzado,25,ses_sint_0009_3,1b,1,0.9500,132,0.9242,24,95,57,59,18,60,66,43,80,72,43,98,99,42,18,50,36,63,41,45,34,46,46
sint_0009,avanzado,26,ses_sint_0009_3,1a,0,0.2200,415,-0.7000,24,98,57,59,18,60,66,43,80,72,43,98,99,42,18,50,36,63,41,45,34,46,46
sint_0009,avanzado,27,ses_sint_0009_3,5a,1,0.9800,141,0.8798,0,98,57,59,18,60,66,43,80,72,43,98,99,42,18,50,36,63,41,45,34,46,46
sint_0009,avanzado,28,ses_sint_0009_4,2c,0,0.2900,311,-0.7000,0,98,57,59,18,60,66,43,80,72,43,99,99,42,18,50,36,63,41,45,34,46,46
sint_0009,avanzado,29,ses_sint_0009_4,6a,0,0.3600,330,-0.7000,0,98,57,59,-5,60,66,43,80,72,43,99,99,42,18,50,36,63,41,45,34,46,46
sint_0009,avanzado,30,ses_sint_0009_4,1b,0,0.4100,190,-0.7000,0,98,57,59,-5,60,66,43,80,72,43,99,99,17,18,50,36,63,41,45,34,46,46
